{"cameraMode":{"drawMode":0,"name":"Shaded","section":"Shading Mode"},"sceneLighting":true,"audioPlay":false,"sceneViewState":{"m_AlwaysRefresh":false,"showFog":true,"showSkybox":true,"showFlares":true,"showImageEffects":true,"showParticleSystems":true,"showVisualEffectGraphs":true,"m_FxEnabled":true},"in2DMode":false,"pivot":{"x":0.7775290012359619,"y":1.4540331363677979,"z":0.40012502670288088},"rotation":{"x":-0.11277016252279282,"y":0.04170108214020729,"z":-0.004743253346532583,"w":-0.992750346660614},"size":4.931068420410156,"orthographic":false}